<?xml version="1.0" encoding="UTF-8"?>
<!DOCTYPE struts PUBLIC
"-//Apache Software Foundation//DTD Struts Configuration 2.0//EN"
"http://struts.apache.org/dtds/struts-2.0.dtd">

<struts>

	<package name="default" extends="hibernate-default">
	
		<action name="alta" class="org.action.report.ActionReport" method="add">
			<result name="success" type="redirect">consulta</result>
		</action>
		
		<action name="baja" class="org.action.report.ActionReport" method="delete">
			<result name="success" type="redirect">consulta</result>
		</action>
		
		<action name="consulta" class="org.action.report.ActionReport" method="list">
			<result name="success">/register.jsp</result>
		</action>
		
		<action name="edita" class="org.action.report.ActionReport" method="edit">
			<result name="success">/register.jsp</result>
		</action>
		
		
	</package>

</struts>